19.09.2023 00:00:00.025 GMT+0300,1.11131,1.1104,0.9,9
19.09.2023 00:00:00.126 GMT+0300,1.11139,1.1104100000000001,9,9
19.09.2023 00:04:41.229 GMT+0300,1.11261,1.1100700000000001,9,9
19.09.2023 00:05:00.251 GMT+0300,1.11274,1.1102,9,9
19.09.2023 00:05:00.459 GMT+0300,1.1127200000000002,1.1102,9,9
19.09.2023 00:05:01.197 GMT+0300,1.11271,1.11019,9,9
19.09.2023 00:05:05.840 GMT+0300,1.1126500000000001,1.1101100000000002,9,9
19.09.2023 00:05:06.065 GMT+0300,1.11263,1.1101100000000002,9,9
19.09.2023 00:05:06.315 GMT+0300,1.1126200000000002,1.11008,9,9
19.09.2023 00:05:06.843 GMT+0300,1.11264,1.1101,9,9
19.09.2023 00:05:07.315 GMT+0300,1.1126200000000002,1.1101,9,9
19.09.2023 00:05:08.692 GMT+0300,1.11263,1.1101100000000002,9,9
19.09.2023 00:05:10.196 GMT+0300,1.11263,1.11009,9,9
19.09.2023 00:05:10.693 GMT+0300,1.11264,1.1101200000000002,9,9
19.09.2023 00:05:11.194 GMT+0300,1.11263,1.1101100000000002,9,9
19.09.2023 00:05:11.466 GMT+0300,1.1126200000000002,1.1101,9,9
19.09.2023 00:05:11.693 GMT+0300,1.11264,1.1101,9,9
19.09.2023 00:05:12.694 GMT+0300,1.11264,1.1101200000000002,9,9
19.09.2023 00:05:13.193 GMT+0300,1.1126200000000002,1.1101,9,9
19.09.2023 00:05:13.447 GMT+0300,1.11264,1.1101200000000002,9,9
19.09.2023 00:05:13.985 GMT+0300,1.11263,1.11009,9,9
19.09.2023 00:05:14.193 GMT+0300,1.11264,1.1101200000000002,9,9
19.09.2023 00:05:14.472 GMT+0300,1.11266,1.1101200000000002,9,9
19.09.2023 00:05:14.695 GMT+0300,1.1126500000000001,1.1101100000000002,9,9
19.09.2023 00:05:15.198 GMT+0300,1.11263,1.11009,9,9
19.09.2023 00:05:15.443 GMT+0300,1.11264,1.1101200000000002,9,9
19.09.2023 00:05:15.695 GMT+0300,1.11263,1.1101100000000002,9,9
19.09.2023 00:05:16.196 GMT+0300,1.1126200000000002,1.1101,9,9
19.09.2023 00:05:16.445 GMT+0300,1.11264,1.1101200000000002,9,9
19.09.2023 00:05:16.694 GMT+0300,1.11266,1.1101200000000002,9,9
19.09.2023 00:05:16.947 GMT+0300,1.11264,1.1101200000000002,9,9
19.09.2023 00:05:17.198 GMT+0300,1.1126500000000001,1.11013,9,9
19.09.2023 00:05:17.449 GMT+0300,1.11263,1.1101100000000002,9,9
19.09.2023 00:05:17.740 GMT+0300,1.1126200000000002,1.1101,9,9
19.09.2023 00:05:17.996 GMT+0300,1.11264,1.1101200000000002,9,9
19.09.2023 00:05:18.459 GMT+0300,1.11263,1.11009,9,9
19.09.2023 00:05:19.147 GMT+0300,1.11264,1.1101200000000002,9,9
19.09.2023 00:05:20.147 GMT+0300,1.1126200000000002,1.1101,9,9
19.09.2023 00:05:20.380 GMT+0300,1.11264,1.1101200000000002,9,9
19.09.2023 00:05:20.987 GMT+0300,1.11264,1.1101,9,9
19.09.2023 00:05:21.197 GMT+0300,1.11264,1.1101200000000002,9,9
19.09.2023 00:05:21.448 GMT+0300,1.1126500000000001,1.11013,9,9
19.09.2023 00:05:21.702 GMT+0300,1.11264,1.1101200000000002,9,9
19.09.2023 00:05:22.197 GMT+0300,1.1126500000000001,1.11013,9,9
19.09.2023 00:05:22.449 GMT+0300,1.11263,1.1101100000000002,9,9
19.09.2023 00:05:22.698 GMT+0300,1.11264,1.1101200000000002,9,9
19.09.2023 00:05:23.197 GMT+0300,1.11267,1.11013,9,9
19.09.2023 00:05:24.002 GMT+0300,1.1126500000000001,1.1101100000000002,9,9
19.09.2023 00:05:24.258 GMT+0300,1.11267,1.11013,9,9
19.09.2023 00:05:24.987 GMT+0300,1.1126200000000002,1.1101,9,9
19.09.2023 00:05:25.472 GMT+0300,1.11266,1.1101400000000001,9,9
19.09.2023 00:05:26.258 GMT+0300,1.1126200000000002,1.1101,9,9
19.09.2023 00:05:27.257 GMT+0300,1.11267,1.11013,9,9
19.09.2023 00:05:27.974 GMT+0300,1.1126200000000002,1.1101,9,9
19.09.2023 00:05:28.478 GMT+0300,1.1127,1.11016,9,9
19.09.2023 00:05:29.014 GMT+0300,1.1126500000000001,1.1101100000000002,9,9
19.09.2023 00:05:29.467 GMT+0300,1.11254,1.11,9,9
19.09.2023 00:05:30.005 GMT+0300,1.1125200000000002,1.11,9,9
19.09.2023 00:05:31.260 GMT+0300,1.1125200000000002,1.1101400000000001,9,1.2
19.09.2023 00:05:33.467 GMT+0300,1.11253,1.1101400000000001,9,1.2
19.09.2023 00:05:35.000 GMT+0300,1.11253,1.11013,9,1.2
19.09.2023 00:05:35.467 GMT+0300,1.11253,1.1101400000000001,9,1.2
19.09.2023 00:05:35.969 GMT+0300,1.1125200000000002,1.1101400000000001,9,1.2
19.09.2023 00:05:37.466 GMT+0300,1.11253,1.1101400000000001,9,1.2
19.09.2023 00:05:37.967 GMT+0300,1.1125200000000002,1.1101400000000001,9,1.2
19.09.2023 00:05:38.030 GMT+0300,1.11253,1.10999,9,9
19.09.2023 00:05:38.248 GMT+0300,1.11253,1.11013,9,1.2
19.09.2023 00:05:41.282 GMT+0300,1.11253,1.10999,9,9
19.09.2023 00:05:42.095 GMT+0300,1.11253,1.11013,9,1.2
19.09.2023 00:05:47.467 GMT+0300,1.11253,1.1101400000000001,9,1.2
19.09.2023 00:05:48.015 GMT+0300,1.1125200000000002,1.1101400000000001,9,1.2
19.09.2023 00:05:49.467 GMT+0300,1.11254,1.11013,9,1.2
19.09.2023 00:05:51.014 GMT+0300,1.1125200000000002,1.1101400000000001,9,1.2
19.09.2023 00:05:51.468 GMT+0300,1.11253,1.1101400000000001,9,1.2
19.09.2023 00:05:52.015 GMT+0300,1.1125200000000002,1.1101400000000001,9,1.2
19.09.2023 00:05:53.469 GMT+0300,1.11254,1.11013,9,1.2
19.09.2023 00:05:54.015 GMT+0300,1.1125200000000002,1.1101400000000001,9,1.2
19.09.2023 00:05:54.280 GMT+0300,1.1125200000000002,1.11,9,9
19.09.2023 00:05:54.383 GMT+0300,1.11253,1.11013,9,1.2
19.09.2023 00:05:54.662 GMT+0300,1.11253,1.1101400000000001,9,1.2
19.09.2023 00:05:55.015 GMT+0300,1.11253,1.11013,9,1.2
19.09.2023 00:05:55.469 GMT+0300,1.1124500000000002,1.11013,9,1.2
19.09.2023 00:05:56.005 GMT+0300,1.11244,1.11013,9,1.2
19.09.2023 00:05:56.508 GMT+0300,1.11244,1.1101400000000001,9,1.2
19.09.2023 00:06:00.015 GMT+0300,1.11243,1.1101400000000001,9,1.2
19.09.2023 00:06:00.472 GMT+0300,1.1124500000000002,1.11013,9,1.2
19.09.2023 00:06:03.203 GMT+0300,1.11244,1.10993,9,1.2
19.09.2023 00:06:03.306 GMT+0300,1.1124500000000002,1.11013,9,1.2
19.09.2023 00:06:11.003 GMT+0300,1.11243,1.1101400000000001,9,1.2
19.09.2023 00:06:11.473 GMT+0300,1.11244,1.1101400000000001,9,1.2
19.09.2023 00:06:16.012 GMT+0300,1.11244,1.10993,9,1.2
19.09.2023 00:06:16.149 GMT+0300,1.11244,1.1101400000000001,9,1.2
19.09.2023 00:06:19.085 GMT+0300,1.1124500000000002,1.10992,9,1.2
19.09.2023 00:06:19.188 GMT+0300,1.11244,1.1101400000000001,9,1.2
19.09.2023 00:06:22.263 GMT+0300,1.1124500000000002,1.10992,9,1.2
19.09.2023 00:06:22.368 GMT+0300,1.1124500000000002,1.11013,9,1.2
19.09.2023 00:06:32.149 GMT+0300,1.1124500000000002,1.11015,9,1.2
19.09.2023 00:06:32.214 GMT+0300,1.11244,1.1101400000000001,9,1.2
19.09.2023 00:06:33.234 GMT+0300,1.11244,1.10993,9,1.2
19.09.2023 00:06:33.338 GMT+0300,1.11244,1.1101400000000001,9,1.2
19.09.2023 00:06:47.974 GMT+0300,1.11243,1.1101400000000001,9,1.2
19.09.2023 00:06:48.524 GMT+0300,1.1124500000000002,1.11013,9,1.2
19.09.2023 00:06:50.351 GMT+0300,1.1124500000000002,1.10992,9,1.2
19.09.2023 00:06:51.019 GMT+0300,1.11243,1.10993,9,1.2
19.09.2023 00:06:51.070 GMT+0300,1.11243,1.1101400000000001,9,1.2
19.09.2023 00:06:51.496 GMT+0300,1.11244,1.1101400000000001,9,1.2
19.09.2023 00:06:52.007 GMT+0300,1.11244,1.11013,9,1.2
19.09.2023 00:06:52.313 GMT+0300,1.11244,1.10992,9,1.2
19.09.2023 00:06:52.389 GMT+0300,1.11244,1.11013,9,1.2
19.09.2023 00:06:52.490 GMT+0300,1.1124500000000002,1.11013,9,1.2
19.09.2023 00:06:54.020 GMT+0300,1.11243,1.1101400000000001,9,1.2
19.09.2023 00:06:55.059 GMT+0300,1.11243,1.10993,9,1.2
19.09.2023 00:06:55.160 GMT+0300,1.11244,1.11013,9,1.2
19.09.2023 00:06:58.472 GMT+0300,1.1124500000000002,1.11013,9,1.2
19.09.2023 00:06:58.996 GMT+0300,1.11243,1.1101400000000001,9,1.2
19.09.2023 00:07:00.023 GMT+0300,1.11243,1.10993,9,1.2
19.09.2023 00:07:00.125 GMT+0300,1.11243,1.1101400000000001,9,1.2
19.09.2023 00:07:00.475 GMT+0300,1.1124500000000002,1.11013,9,1.2
19.09.2023 00:07:01.475 GMT+0300,1.1124,1.1101400000000001,9,1.2
19.09.2023 00:07:01.998 GMT+0300,1.11253,1.1101400000000001,9,1.2
19.09.2023 00:07:04.000 GMT+0300,1.11238,1.1101400000000001,9,1.2
19.09.2023 00:07:04.385 GMT+0300,1.11239,1.10992,9,1.2
19.09.2023 00:07:04.487 GMT+0300,1.11239,1.11013,9,1.2
19.09.2023 00:07:07.050 GMT+0300,1.11239,1.10992,9,1.2
19.09.2023 00:07:07.129 GMT+0300,1.11238,1.1101400000000001,9,1.2
19.09.2023 00:07:38.840 GMT+0300,1.11238,1.11013,9,1.2
19.09.2023 00:07:39.092 GMT+0300,1.11239,1.11013,9,1.2
19.09.2023 00:07:39.383 GMT+0300,1.11239,1.1102100000000001,9,1.2
19.09.2023 00:07:39.591 GMT+0300,1.11248,1.1102100000000001,9,1.2
19.09.2023 00:07:42.071 GMT+0300,1.1125200000000002,1.1102200000000002,9,1.2
19.09.2023 00:07:42.286 GMT+0300,1.11253,1.1102200000000002,9,1.2
19.09.2023 00:07:47.551 GMT+0300,1.11227,1.1102100000000001,9,0.9
19.09.2023 00:07:49.053 GMT+0300,1.11225,1.1102200000000002,9,0.9
19.09.2023 00:07:49.292 GMT+0300,1.11246,1.1102100000000001,9,1.2
19.09.2023 00:07:50.697 GMT+0300,1.11239,1.1102100000000001,9,1.2
19.09.2023 00:07:52.567 GMT+0300,1.1124,1.1102200000000002,9,1.2
19.09.2023 00:07:56.550 GMT+0300,1.11233,1.1102200000000002,9,1.2
19.09.2023 00:08:11.665 GMT+0300,1.11246,1.1102200000000002,9,1.2
19.09.2023 00:08:19.507 GMT+0300,1.11249,1.1102200000000002,9,1.2
19.09.2023 00:08:20.610 GMT+0300,1.1124500000000002,1.1102100000000001,9,1.2
19.09.2023 00:08:20.808 GMT+0300,1.11251,1.1102100000000001,9,1.2
19.09.2023 00:08:22.952 GMT+0300,1.1126,1.1102200000000002,9,1.2
19.09.2023 00:08:24.002 GMT+0300,1.11254,1.1102200000000002,9,1.2
19.09.2023 00:08:24.501 GMT+0300,1.11251,1.1102200000000002,9,1.2
19.09.2023 00:08:25.580 GMT+0300,1.1125500000000001,1.1102100000000001,9,1.2
19.09.2023 00:08:27.069 GMT+0300,1.11251,1.1102200000000002,9,1.2
19.09.2023 00:08:34.269 GMT+0300,1.11251,1.1102100000000001,9,1.2
19.09.2023 00:08:34.370 GMT+0300,1.1125,1.11013,9,1.2
19.09.2023 00:08:35.013 GMT+0300,1.11249,1.11013,9,1.2
19.09.2023 00:08:35.125 GMT+0300,1.11249,1.1101200000000002,9,1.2
19.09.2023 00:08:35.277 GMT+0300,1.1125,1.1101200000000002,9,1.2
19.09.2023 00:08:35.379 GMT+0300,1.1125,1.11008,9,1.2
19.09.2023 00:08:36.017 GMT+0300,1.1125,1.1100700000000001,9,1.2
19.09.2023 00:08:36.091 GMT+0300,1.11249,1.1101200000000002,9,1.2
19.09.2023 00:08:36.193 GMT+0300,1.11249,1.11013,9,1.2
19.09.2023 00:08:36.244 GMT+0300,1.11251,1.11013,9,1.2
19.09.2023 00:08:36.423 GMT+0300,1.11251,1.1101200000000002,9,1.2
19.09.2023 00:08:37.011 GMT+0300,1.11251,1.1101100000000002,9,1.2
19.09.2023 00:08:37.134 GMT+0300,1.11251,1.1101200000000002,9,1.2
19.09.2023 00:08:37.270 GMT+0300,1.11249,1.11013,9,1.2
19.09.2023 00:08:37.321 GMT+0300,1.11249,1.1099700000000001,9,9
19.09.2023 00:08:37.485 GMT+0300,1.1125,1.10998,9,9
19.09.2023 00:08:38.001 GMT+0300,1.11251,1.10999,9,9
19.09.2023 00:08:38.124 GMT+0300,1.1125200000000002,1.1101200000000002,9,1.2
19.09.2023 00:08:38.269 GMT+0300,1.11249,1.11008,9,1.2
19.09.2023 00:08:38.327 GMT+0300,1.11249,1.1101200000000002,9,1.2
19.09.2023 00:08:38.485 GMT+0300,1.11251,1.1101200000000002,9,1.2
19.09.2023 00:08:39.051 GMT+0300,1.11251,1.11013,9,1.2
19.09.2023 00:08:39.153 GMT+0300,1.1125,1.11013,9,1.2
19.09.2023 00:08:39.354 GMT+0300,1.1125,1.10998,9,9
19.09.2023 00:08:40.059 GMT+0300,1.11251,1.1101200000000002,9,1.2
19.09.2023 00:08:40.360 GMT+0300,1.1125,1.1101200000000002,9,1.2
19.09.2023 00:08:40.511 GMT+0300,1.11248,1.1101200000000002,9,1.2
19.09.2023 00:08:41.018 GMT+0300,1.1124500000000002,1.1101100000000002,1.2,1.2
19.09.2023 00:08:41.119 GMT+0300,1.1124500000000002,1.1100700000000001,1.2,1.2
19.09.2023 00:08:41.269 GMT+0300,1.11246,1.1100700000000001,1.2,1.2
19.09.2023 00:08:42.538 GMT+0300,1.1124200000000002,1.1100700000000001,1.2,1.2
19.09.2023 00:08:42.589 GMT+0300,1.11243,1.11008,1.2,1.2
19.09.2023 00:08:45.310 GMT+0300,1.11246,1.11008,9,1.2
19.09.2023 00:08:45.361 GMT+0300,1.11247,1.1101200000000002,9,1.2
19.09.2023 00:08:45.462 GMT+0300,1.11246,1.11008,9,1.2
19.09.2023 00:08:45.784 GMT+0300,1.1124200000000002,1.1100700000000001,9,1.2
19.09.2023 00:08:46.054 GMT+0300,1.11239,1.10992,9,1.2
19.09.2023 00:08:46.270 GMT+0300,1.1124,1.1100700000000001,9,1.2
19.09.2023 00:08:46.399 GMT+0300,1.11238,1.11008,1.2,1.2
19.09.2023 00:08:46.542 GMT+0300,1.1124,1.11008,9.9,1.2
19.09.2023 00:08:49.851 GMT+0300,1.11247,1.1100700000000001,9,1.2
19.09.2023 00:08:49.952 GMT+0300,1.11246,1.10994,9,9
19.09.2023 00:08:50.054 GMT+0300,1.1124200000000002,1.11016,1.2,1.2
19.09.2023 00:08:50.155 GMT+0300,1.1124200000000002,1.10992,1.2,9
19.09.2023 00:08:50.256 GMT+0300,1.11234,1.10993,1.2,9
19.09.2023 00:08:50.357 GMT+0300,1.11234,1.1099100000000002,9,1.2
19.09.2023 00:08:50.809 GMT+0300,1.11237,1.10992,1.2,9
19.09.2023 00:08:51.358 GMT+0300,1.11237,1.10993,1.2,9
19.09.2023 00:08:56.460 GMT+0300,1.11243,1.1099700000000001,1.2,9
19.09.2023 00:08:56.511 GMT+0300,1.11249,1.1099700000000001,9,9
19.09.2023 00:08:56.562 GMT+0300,1.1125,1.11017,9,1.2
19.09.2023 00:08:56.663 GMT+0300,1.1125,1.11016,9,1.2
19.09.2023 00:08:56.873 GMT+0300,1.1125,1.11017,9,1.2
19.09.2023 00:08:57.031 GMT+0300,1.11251,1.1099700000000001,9,9
19.09.2023 00:08:57.158 GMT+0300,1.1125,1.11017,9,1.2
19.09.2023 00:08:57.977 GMT+0300,1.11247,1.11017,9,1.2
19.09.2023 00:08:58.208 GMT+0300,1.1125,1.11017,9,1.2
19.09.2023 00:08:59.157 GMT+0300,1.1124500000000002,1.11017,9,1.2
19.09.2023 00:08:59.369 GMT+0300,1.11249,1.11017,9,1.2
19.09.2023 00:08:59.996 GMT+0300,1.11246,1.11017,9,1.2
19.09.2023 00:09:00.209 GMT+0300,1.11251,1.11016,9,1.2
19.09.2023 00:09:01.005 GMT+0300,1.11246,1.11016,9,1.2
19.09.2023 00:09:01.260 GMT+0300,1.11247,1.11016,9,1.2
19.09.2023 00:09:01.464 GMT+0300,1.1125,1.11017,9,1.2
19.09.2023 00:09:01.998 GMT+0300,1.11239,1.11017,9,1.2
19.09.2023 00:09:02.260 GMT+0300,1.11236,1.11016,9,1.2
19.09.2023 00:09:02.463 GMT+0300,1.11248,1.11016,9,1.2
19.09.2023 00:09:03.014 GMT+0300,1.11246,1.11016,9,1.2
19.09.2023 00:09:03.260 GMT+0300,1.11247,1.10995,9,9
19.09.2023 00:09:03.334 GMT+0300,1.11247,1.11017,9,1.2
19.09.2023 00:09:03.999 GMT+0300,1.1124500000000002,1.11017,9,1.2
19.09.2023 00:09:04.214 GMT+0300,1.11251,1.11016,9,1.2
19.09.2023 00:09:04.467 GMT+0300,1.11247,1.11017,9,1.2
19.09.2023 00:09:05.159 GMT+0300,1.11246,1.11016,9,1.2
19.09.2023 00:09:05.470 GMT+0300,1.11246,1.10993,9,1.2
19.09.2023 00:09:10.382 GMT+0300,1.11248,1.10994,9,9
19.09.2023 00:09:13.395 GMT+0300,1.1125,1.10996,9,9
19.09.2023 00:09:22.035 GMT+0300,1.1124,1.10994,9,1.2
19.09.2023 00:09:22.239 GMT+0300,1.11249,1.1099700000000001,9,9
19.09.2023 00:09:30.714 GMT+0300,1.11249,1.10995,9,9
19.09.2023 00:09:30.950 GMT+0300,1.1125,1.10996,9,9
19.09.2023 00:09:35.407 GMT+0300,1.1125,1.10998,9,9
19.09.2023 00:09:40.853 GMT+0300,1.1125,1.10996,9,9
19.09.2023 00:09:41.078 GMT+0300,1.1125,1.10998,9,9
19.09.2023 00:09:51.029 GMT+0300,1.11248,1.10996,9,9
19.09.2023 00:09:51.282 GMT+0300,1.11247,1.10993,9,9
19.09.2023 00:09:51.486 GMT+0300,1.11236,1.10982,9,9
19.09.2023 00:09:52.241 GMT+0300,1.11237,1.1098299999999999,9,9
19.09.2023 00:09:52.788 GMT+0300,1.11238,1.10984,9,9
19.09.2023 00:09:52.987 GMT+0300,1.11238,1.10986,9,9
19.09.2023 00:09:53.272 GMT+0300,1.11239,1.1098700000000001,9,9
19.09.2023 00:09:53.488 GMT+0300,1.1125,1.10998,9,9
19.09.2023 00:09:54.163 GMT+0300,1.1125,1.10996,9,9
19.09.2023 00:09:54.389 GMT+0300,1.1125,1.10998,9,9
19.09.2023 00:09:54.976 GMT+0300,1.11244,1.10992,9,9
19.09.2023 00:09:56.999 GMT+0300,1.1125,1.10998,9,9
19.09.2023 00:10:00.002 GMT+0300,1.11239,1.1098700000000001,9,9
19.09.2023 00:10:01.195 GMT+0300,1.11238,1.10986,9,9
19.09.2023 00:10:07.475 GMT+0300,1.11251,1.1099700000000001,9,9
19.09.2023 00:10:10.017 GMT+0300,1.1125200000000002,1.11,9,9
19.09.2023 00:10:11.976 GMT+0300,1.11251,1.1099700000000001,9,9
19.09.2023 00:10:12.476 GMT+0300,1.1125200000000002,1.11,9,9
19.09.2023 00:10:12.977 GMT+0300,1.11251,1.1099700000000001,9,9
19.09.2023 00:10:13.475 GMT+0300,1.1125200000000002,1.11,9,9
19.09.2023 00:10:14.000 GMT+0300,1.11251,1.1099700000000001,9,9
19.09.2023 00:10:20.008 GMT+0300,1.11251,1.10999,9,9
19.09.2023 00:10:20.476 GMT+0300,1.11251,1.1099700000000001,9,9
19.09.2023 00:10:22.008 GMT+0300,1.1125200000000002,1.10998,9,9
19.09.2023 00:10:22.476 GMT+0300,1.11251,1.1099700000000001,9,9
19.09.2023 00:10:30.409 GMT+0300,1.11251,1.10999,9,9
19.09.2023 00:10:36.325 GMT+0300,1.11259,1.11005,9,9
19.09.2023 00:10:36.824 GMT+0300,1.11257,1.11005,9,9
19.09.2023 00:10:44.442 GMT+0300,1.11258,1.11006,9,9
19.09.2023 00:10:45.743 GMT+0300,1.11257,1.11005,9,9
19.09.2023 00:10:53.244 GMT+0300,1.11258,1.11006,9,9
19.09.2023 00:10:53.484 GMT+0300,1.1126,1.11006,9,9
19.09.2023 00:11:01.474 GMT+0300,1.1122200000000002,1.11006,1.2,9
19.09.2023 00:11:01.526 GMT+0300,1.1122200000000002,1.11003,1.2,9
19.09.2023 00:11:04.054 GMT+0300,1.1122100000000001,1.11003,1.2,9
19.09.2023 00:11:18.066 GMT+0300,1.1122200000000002,1.11003,1.2,9
19.09.2023 00:11:25.409 GMT+0300,1.1122100000000001,1.11006,1.2,9
19.09.2023 00:11:32.014 GMT+0300,1.1122100000000001,1.11006,1.2,9
19.09.2023 00:11:33.923 GMT+0300,1.1122200000000002,1.11005,1.2,9
19.09.2023 00:11:56.334 GMT+0300,1.1122100000000001,1.10995,1.2,9.9
19.09.2023 00:11:56.385 GMT+0300,1.11219,1.10995,1.2,9.9
19.09.2023 00:11:56.539 GMT+0300,1.11215,1.10994,1.2,9.9
19.09.2023 00:11:56.805 GMT+0300,1.11233,1.11019,1.2,9
19.09.2023 00:11:57.052 GMT+0300,1.1123200000000002,1.1101,1.2,9
19.09.2023 00:11:57.958 GMT+0300,1.1123200000000002,1.11008,1.2,9
19.09.2023 00:11:58.461 GMT+0300,1.1123200000000002,1.1101400000000001,1.2,9
19.09.2023 00:12:01.017 GMT+0300,1.1123200000000002,1.11015,1.2,9
19.09.2023 00:12:01.492 GMT+0300,1.1123200000000002,1.1101400000000001,1.2,9
19.09.2023 00:12:03.014 GMT+0300,1.1123200000000002,1.11015,1.2,9
19.09.2023 00:12:03.143 GMT+0300,1.11228,1.1101400000000001,1.2,9
19.09.2023 00:12:03.278 GMT+0300,1.11227,1.1101400000000001,1.2,9
19.09.2023 00:12:03.478 GMT+0300,1.11227,1.11013,1.2,9
19.09.2023 00:12:03.646 GMT+0300,1.11239,1.11013,1.2,9
19.09.2023 00:12:03.697 GMT+0300,1.11228,1.11013,1.2,9
19.09.2023 00:12:03.747 GMT+0300,1.11228,1.10992,1.2,9
19.09.2023 00:12:03.849 GMT+0300,1.11215,1.10992,1.2,9
19.09.2023 00:12:03.900 GMT+0300,1.11238,1.11006,1.2,1.2
19.09.2023 00:12:04.003 GMT+0300,1.11238,1.11017,1.2,9
19.09.2023 00:12:05.007 GMT+0300,1.11238,1.11018,1.2,9
19.09.2023 00:12:05.479 GMT+0300,1.11239,1.11016,1.2,9
19.09.2023 00:12:05.731 GMT+0300,1.11239,1.11019,1.2,9
19.09.2023 00:12:07.020 GMT+0300,1.11238,1.1102100000000001,1.2,9
19.09.2023 00:12:07.482 GMT+0300,1.11239,1.11019,1.2,9
19.09.2023 00:12:12.889 GMT+0300,1.11239,1.1102,1.2,9
19.09.2023 00:12:17.665 GMT+0300,1.11228,1.11018,1.2,9
19.09.2023 00:12:17.889 GMT+0300,1.11228,1.1102100000000001,0.9,9
19.09.2023 00:12:18.986 GMT+0300,1.11229,1.1102100000000001,0.9,9
19.09.2023 00:12:19.486 GMT+0300,1.11229,1.1102,0.9,9
19.09.2023 00:12:20.411 GMT+0300,1.11229,1.11034,0.9,9
19.09.2023 00:12:21.983 GMT+0300,1.11228,1.11034,0.9,9
19.09.2023 00:12:22.483 GMT+0300,1.11228,1.11035,0.9,9
19.09.2023 00:12:40.026 GMT+0300,1.11228,1.11034,0.9,9
19.09.2023 00:12:40.483 GMT+0300,1.11228,1.11035,0.9,9
19.09.2023 00:12:40.984 GMT+0300,1.11228,1.11034,0.9,9
19.09.2023 00:12:41.484 GMT+0300,1.11229,1.11034,0.9,9
19.09.2023 00:12:43.028 GMT+0300,1.11228,1.11034,0.9,9
19.09.2023 00:12:43.526 GMT+0300,1.11228,1.11035,0.9,9
19.09.2023 00:12:43.747 GMT+0300,1.11228,1.11017,1.2,9
19.09.2023 00:12:44.985 GMT+0300,1.11228,1.11016,1.2,9
19.09.2023 00:12:45.484 GMT+0300,1.11229,1.11016,1.2,9
19.09.2023 00:12:48.490 GMT+0300,1.11228,1.11016,1.2,9
19.09.2023 00:12:53.991 GMT+0300,1.11229,1.1101400000000001,1.2,9
19.09.2023 00:12:55.994 GMT+0300,1.11228,1.11016,1.2,9
19.09.2023 00:12:56.491 GMT+0300,1.11228,1.1101200000000002,1.2,9
19.09.2023 00:13:04.017 GMT+0300,1.11229,1.1101200000000002,1.2,9
19.09.2023 00:13:04.494 GMT+0300,1.11228,1.1101200000000002,1.2,9
19.09.2023 00:13:10.492 GMT+0300,1.11229,1.1101200000000002,1.2,9
19.09.2023 00:13:12.033 GMT+0300,1.11228,1.1101400000000001,1.2,9
19.09.2023 00:13:14.492 GMT+0300,1.11229,1.1101200000000002,1.2,9
19.09.2023 00:13:15.533 GMT+0300,1.11228,1.1101400000000001,1.2,9
19.09.2023 00:13:20.465 GMT+0300,1.11229,1.1101200000000002,1.2,9
19.09.2023 00:13:25.211 GMT+0300,1.11228,1.11023,0.9,9
19.09.2023 00:13:27.990 GMT+0300,1.11228,1.1102400000000001,0.9,9
19.09.2023 00:13:31.014 GMT+0300,1.11229,1.1102200000000002,0.9,9
19.09.2023 00:13:31.493 GMT+0300,1.11228,1.1102400000000001,0.9,9
19.09.2023 00:13:31.946 GMT+0300,1.11229,1.1102400000000001,0.9,9
19.09.2023 00:13:31.997 GMT+0300,1.11235,1.1100700000000001,1.2,1.2
19.09.2023 00:13:32.059 GMT+0300,1.11235,1.1100100000000002,1.2,9
19.09.2023 00:13:32.161 GMT+0300,1.11229,1.1100100000000002,1.2,9
19.09.2023 00:13:32.212 GMT+0300,1.11243,1.1100100000000002,1.2,9
19.09.2023 00:13:32.263 GMT+0300,1.11243,1.11026,1.2,9
19.09.2023 00:13:32.494 GMT+0300,1.11243,1.1101400000000001,1.2,9
19.09.2023 00:13:33.737 GMT+0300,1.11244,1.11017,1.2,9
19.09.2023 00:13:33.987 GMT+0300,1.11244,1.11016,1.2,9
19.09.2023 00:13:34.526 GMT+0300,1.11247,1.11016,1.2,9
19.09.2023 00:13:36.470 GMT+0300,1.11246,1.11018,1.2,9
19.09.2023 00:13:36.979 GMT+0300,1.11246,1.11017,1.2,9
19.09.2023 00:13:37.273 GMT+0300,1.11246,1.11015,1.2,9
19.09.2023 00:13:37.479 GMT+0300,1.11246,1.11016,1.2,9
19.09.2023 00:13:38.970 GMT+0300,1.11246,1.11017,1.2,9
19.09.2023 00:13:39.220 GMT+0300,1.11246,1.11016,1.2,9
19.09.2023 00:13:40.396 GMT+0300,1.11247,1.11016,1.2,9
19.09.2023 00:13:40.647 GMT+0300,1.11246,1.11016,1.2,9
19.09.2023 00:13:44.983 GMT+0300,1.11246,1.11017,1.2,9
19.09.2023 00:13:52.488 GMT+0300,1.11246,1.11016,1.2,9
19.09.2023 00:13:54.971 GMT+0300,1.11246,1.11017,1.2,9
19.09.2023 00:13:55.223 GMT+0300,1.11246,1.11016,1.2,9
19.09.2023 00:13:55.721 GMT+0300,1.11247,1.11016,1.2,9
19.09.2023 00:13:57.023 GMT+0300,1.11246,1.11016,1.2,9
19.09.2023 00:13:57.236 GMT+0300,1.11246,1.11017,1.2,9
19.09.2023 00:13:57.736 GMT+0300,1.11246,1.11018,1.2,9
19.09.2023 00:14:00.023 GMT+0300,1.11247,1.11016,1.2,9
19.09.2023 00:14:00.996 GMT+0300,1.11247,1.11017,1.2,9
19.09.2023 00:14:01.490 GMT+0300,1.11247,1.11016,1.2,9
19.09.2023 00:14:01.740 GMT+0300,1.11246,1.11016,1.2,9
19.09.2023 00:14:02.498 GMT+0300,1.11246,1.11017,1.2,9
19.09.2023 00:14:02.997 GMT+0300,1.11246,1.11016,1.2,9
19.09.2023 00:14:03.497 GMT+0300,1.11246,1.11017,1.2,9
19.09.2023 00:14:03.997 GMT+0300,1.11247,1.11015,1.2,9
19.09.2023 00:14:04.497 GMT+0300,1.11247,1.11016,1.2,9
19.09.2023 00:14:04.982 GMT+0300,1.11243,1.11017,1.2,9
19.09.2023 00:14:05.033 GMT+0300,1.1124500000000002,1.11018,1.2,9
19.09.2023 00:14:05.498 GMT+0300,1.1124500000000002,1.11017,1.2,9
19.09.2023 00:14:05.750 GMT+0300,1.11246,1.11015,1.2,9
19.09.2023 00:14:06.498 GMT+0300,1.11246,1.11016,1.2,9
19.09.2023 00:14:07.017 GMT+0300,1.11246,1.11017,1.2,9
19.09.2023 00:14:07.497 GMT+0300,1.11246,1.11016,1.2,9
19.09.2023 00:14:08.743 GMT+0300,1.1124500000000002,1.11016,1.2,9
19.09.2023 00:14:09.272 GMT+0300,1.1124500000000002,1.11017,1.2,9
19.09.2023 00:14:10.990 GMT+0300,1.11246,1.11017,1.2,9
19.09.2023 00:14:11.498 GMT+0300,1.1124500000000002,1.11017,1.2,9
19.09.2023 00:14:14.583 GMT+0300,1.1124500000000002,1.11016,1.2,9
19.09.2023 00:14:16.012 GMT+0300,1.1124500000000002,1.11017,1.2,9
19.09.2023 00:14:17.991 GMT+0300,1.1124500000000002,1.11016,1.2,9
19.09.2023 00:14:18.498 GMT+0300,1.1124500000000002,1.11017,1.2,9
19.09.2023 00:14:20.741 GMT+0300,1.1124500000000002,1.11016,1.2,9
19.09.2023 00:14:21.498 GMT+0300,1.1124500000000002,1.11017,1.2,9
19.09.2023 00:14:21.998 GMT+0300,1.1124500000000002,1.11016,1.2,9
19.09.2023 00:14:22.497 GMT+0300,1.11246,1.11016,1.2,9
19.09.2023 00:14:24.288 GMT+0300,1.1124500000000002,1.11016,1.2,9
19.09.2023 00:14:25.338 GMT+0300,1.11247,1.1101400000000001,1.2,9
19.09.2023 00:14:25.584 GMT+0300,1.11246,1.11017,1.2,9
19.09.2023 00:14:29.030 GMT+0300,1.11246,1.11016,1.2,9
19.09.2023 00:14:29.131 GMT+0300,1.1124500000000002,1.11015,1.2,9
19.09.2023 00:14:32.033 GMT+0300,1.11244,1.11017,1.2,9
19.09.2023 00:14:32.543 GMT+0300,1.11243,1.11017,1.2,9
19.09.2023 00:14:35.456 GMT+0300,1.1124100000000001,1.11017,1.2,9
19.09.2023 00:14:35.507 GMT+0300,1.11243,1.11018,1.2,9
19.09.2023 00:14:35.734 GMT+0300,1.11244,1.11016,1.2,9
19.09.2023 00:14:36.000 GMT+0300,1.1123200000000002,1.11016,1.2,9
19.09.2023 00:14:36.234 GMT+0300,1.1123200000000002,1.11013,1.2,9
19.09.2023 00:14:36.733 GMT+0300,1.1123100000000001,1.11015,1.2,9
19.09.2023 00:14:37.492 GMT+0300,1.1123200000000002,1.11013,1.2,9
19.09.2023 00:14:38.023 GMT+0300,1.11267,1.11015,9,9
19.09.2023 00:14:38.276 GMT+0300,1.1127,1.11016,9,9
19.09.2023 00:14:38.510 GMT+0300,1.11271,1.11019,9,9
19.09.2023 00:14:39.294 GMT+0300,1.1127,1.11016,9,9
19.09.2023 00:14:39.509 GMT+0300,1.1127200000000002,1.11018,9,9
19.09.2023 00:14:40.036 GMT+0300,1.11269,1.11017,9,9
19.09.2023 00:14:40.510 GMT+0300,1.11271,1.11017,9,9
19.09.2023 00:14:41.288 GMT+0300,1.1127,1.11016,9,9
19.09.2023 00:14:41.509 GMT+0300,1.11271,1.11017,9,9
19.09.2023 00:14:42.034 GMT+0300,1.11269,1.11017,9,9
19.09.2023 00:14:42.508 GMT+0300,1.11271,1.11017,9,9
19.09.2023 00:14:43.013 GMT+0300,1.11268,1.11016,9,9
19.09.2023 00:14:43.508 GMT+0300,1.11271,1.11017,9,9
19.09.2023 00:14:44.023 GMT+0300,1.1127200000000002,1.11018,9,9
19.09.2023 00:14:44.286 GMT+0300,1.11268,1.11016,9,9
19.09.2023 00:14:44.510 GMT+0300,1.11271,1.11019,9,9
19.09.2023 00:14:45.041 GMT+0300,1.11268,1.11016,9,9
19.09.2023 00:14:45.509 GMT+0300,1.11271,1.11019,9,9
19.09.2023 00:14:45.759 GMT+0300,1.11271,1.11017,9,9
19.09.2023 00:14:46.296 GMT+0300,1.11273,1.11019,9,9
19.09.2023 00:14:48.035 GMT+0300,1.11271,1.11019,9,9
19.09.2023 00:14:48.983 GMT+0300,1.1127200000000002,1.1102,9,9
19.09.2023 00:14:49.974 GMT+0300,1.11271,1.11019,9,9
19.09.2023 00:14:53.770 GMT+0300,1.11271,1.11019,9,9
19.09.2023 00:14:55.851 GMT+0300,1.1127200000000002,1.1102,9,9
19.09.2023 00:15:00.086 GMT+0300,1.1127200000000002,1.11018,9,9
19.09.2023 00:15:00.304 GMT+0300,1.11269,1.11017,9,9
19.09.2023 00:15:01.229 GMT+0300,1.11259,1.1100700000000001,9,9
19.09.2023 00:15:01.475 GMT+0300,1.11257,1.11005,9,9
19.09.2023 00:15:01.741 GMT+0300,1.11258,1.11006,9,9
19.09.2023 00:15:02.225 GMT+0300,1.11258,1.11004,9,9
19.09.2023 00:15:02.733 GMT+0300,1.11259,1.11005,9,9
19.09.2023 00:15:03.393 GMT+0300,1.11257,1.11005,9,9
19.09.2023 00:15:04.503 GMT+0300,1.11256,1.11004,9,9
19.09.2023 00:15:08.734 GMT+0300,1.11251,1.10999,9,9
19.09.2023 00:15:14.389 GMT+0300,1.11251,1.1099700000000001,9,9
19.09.2023 00:15:19.380 GMT+0300,1.11251,1.10999,9,9
19.09.2023 00:15:22.428 GMT+0300,1.1125,1.10998,9,9
19.09.2023 00:15:27.089 GMT+0300,1.11247,1.10993,9,9
19.09.2023 00:15:30.393 GMT+0300,1.1124500000000002,1.10993,9,9
19.09.2023 00:15:31.881 GMT+0300,1.11244,1.10992,1.2,9
19.09.2023 00:15:32.017 GMT+0300,1.1124,1.10988,9,9
19.09.2023 00:15:34.800 GMT+0300,1.1124200000000002,1.1099,9,9
19.09.2023 00:15:35.080 GMT+0300,1.1124500000000002,1.10993,9,9
19.09.2023 00:15:36.931 GMT+0300,1.1124200000000002,1.1099,9,9
19.09.2023 00:15:37.178 GMT+0300,1.11246,1.10994,9,9
19.09.2023 00:15:38.899 GMT+0300,1.1124500000000002,1.10993,9,9
19.09.2023 00:15:40.403 GMT+0300,1.11247,1.10993,9,9
19.09.2023 00:15:43.240 GMT+0300,1.11246,1.10992,9,9
19.09.2023 00:15:45.318 GMT+0300,1.11248,1.10996,9,9
19.09.2023 00:15:59.995 GMT+0300,1.11246,1.10992,9,9
19.09.2023 00:16:00.249 GMT+0300,1.11256,1.11004,9,9
19.09.2023 00:16:00.746 GMT+0300,1.1125500000000001,1.11003,9,9
19.09.2023 00:16:01.833 GMT+0300,1.11257,1.11003,9,9
19.09.2023 00:16:04.056 GMT+0300,1.11251,1.10999,9,9
19.09.2023 00:16:04.317 GMT+0300,1.11247,1.10995,9,9
19.09.2023 00:16:04.526 GMT+0300,1.11249,1.1099700000000001,9,9
19.09.2023 00:16:04.795 GMT+0300,1.11264,1.1101,9,9
19.09.2023 00:16:05.272 GMT+0300,1.11267,1.11013,9,9
19.09.2023 00:16:06.361 GMT+0300,1.11266,1.1101200000000002,9,9
19.09.2023 00:16:06.935 GMT+0300,1.11264,1.1101200000000002,9,9
19.09.2023 00:16:07.150 GMT+0300,1.11266,1.1101400000000001,9,9
19.09.2023 00:16:07.652 GMT+0300,1.1126500000000001,1.1101100000000002,9,9
19.09.2023 00:16:08.564 GMT+0300,1.11267,1.11013,9,9
19.09.2023 00:16:09.086 GMT+0300,1.1126500000000001,1.11013,9,9
19.09.2023 00:16:09.560 GMT+0300,1.11266,1.1101400000000001,9,9
19.09.2023 00:16:10.742 GMT+0300,1.1126500000000001,1.11013,9,9
19.09.2023 00:16:11.242 GMT+0300,1.11266,1.1101400000000001,9,9
19.09.2023 00:16:11.743 GMT+0300,1.11266,1.1101200000000002,9,9
19.09.2023 00:16:14.388 GMT+0300,1.11267,1.11015,9,9
19.09.2023 00:16:15.261 GMT+0300,1.11264,1.1101200000000002,9,9
19.09.2023 00:16:16.225 GMT+0300,1.11268,1.1101400000000001,9,9
19.09.2023 00:16:17.221 GMT+0300,1.11266,1.1101400000000001,9,9
19.09.2023 00:16:19.239 GMT+0300,1.11269,1.11017,9,9
19.09.2023 00:16:20.119 GMT+0300,1.1127,1.11018,9,9
19.09.2023 00:16:21.056 GMT+0300,1.11271,1.11019,9,9
19.09.2023 00:16:21.280 GMT+0300,1.11269,1.11017,9,9
19.09.2023 00:16:24.604 GMT+0300,1.11268,1.11016,9,9
19.09.2023 00:16:26.317 GMT+0300,1.11268,1.1101400000000001,9,9
19.09.2023 00:16:31.352 GMT+0300,1.11268,1.11016,9,9
19.09.2023 00:16:31.866 GMT+0300,1.11269,1.11017,9,9
19.09.2023 00:16:33.564 GMT+0300,1.11267,1.11015,9,9
19.09.2023 00:16:33.847 GMT+0300,1.1126500000000001,1.11013,9,9
19.09.2023 00:16:34.050 GMT+0300,1.11264,1.1101,9,9
19.09.2023 00:16:34.566 GMT+0300,1.11264,1.1101200000000002,9,9
19.09.2023 00:16:34.839 GMT+0300,1.11263,1.1101100000000002,9,9
19.09.2023 00:16:35.065 GMT+0300,1.1126500000000001,1.1101100000000002,9,9
19.09.2023 00:16:35.579 GMT+0300,1.11264,1.1101100000000002,1.2,9
19.09.2023 00:16:36.560 GMT+0300,1.11263,1.1101100000000002,9.9,9
19.09.2023 00:16:41.837 GMT+0300,1.1126200000000002,1.11008,9,9
19.09.2023 00:16:42.102 GMT+0300,1.11261,1.1100700000000001,9,9
19.09.2023 00:16:45.734 GMT+0300,1.1126200000000002,1.11008,9,9
19.09.2023 00:16:47.518 GMT+0300,1.11257,1.11005,9,9
19.09.2023 00:16:47.655 GMT+0300,1.1124500000000002,1.11005,1.2,9
19.09.2023 00:16:47.756 GMT+0300,1.1122400000000001,1.10972,9,9
19.09.2023 00:16:48.009 GMT+0300,1.11226,1.10974,9,9
19.09.2023 00:16:48.235 GMT+0300,1.11243,1.1099100000000002,9,9
19.09.2023 00:16:49.435 GMT+0300,1.11246,1.10994,9,9
19.09.2023 00:16:49.695 GMT+0300,1.11248,1.10994,9,9
19.09.2023 00:16:50.221 GMT+0300,1.11247,1.10993,9,9
19.09.2023 00:16:54.560 GMT+0300,1.11243,1.1099100000000002,9,9
19.09.2023 00:16:54.809 GMT+0300,1.11247,1.10993,9,9
19.09.2023 00:17:05.562 GMT+0300,1.11244,1.1099,9,9
19.09.2023 00:17:07.559 GMT+0300,1.11246,1.10994,9,9
19.09.2023 00:17:18.529 GMT+0300,1.11244,1.1099,9,9
19.09.2023 00:17:18.785 GMT+0300,1.11249,1.10995,9,9
19.09.2023 00:17:19.563 GMT+0300,1.11246,1.10992,9,9
19.09.2023 00:17:22.558 GMT+0300,1.11249,1.10995,9,9
19.09.2023 00:17:36.285 GMT+0300,1.11249,1.10996,1.2,9
19.09.2023 00:17:37.236 GMT+0300,1.11248,1.10998,1.2,9
19.09.2023 00:17:37.717 GMT+0300,1.11248,1.10996,9.9,9
19.09.2023 00:17:38.337 GMT+0300,1.11248,1.10998,1.2,9
19.09.2023 00:17:38.586 GMT+0300,1.11248,1.10994,9,9
19.09.2023 00:17:38.886 GMT+0300,1.11248,1.10998,1.2,9
19.09.2023 00:17:39.087 GMT+0300,1.11249,1.10996,1.2,9
19.09.2023 00:17:40.806 GMT+0300,1.11249,1.1099700000000001,1.2,9
19.09.2023 00:17:44.226 GMT+0300,1.11249,1.10996,1.2,9
19.09.2023 00:17:47.821 GMT+0300,1.11249,1.1099700000000001,9,9
19.09.2023 00:17:51.551 GMT+0300,1.11247,1.10993,9,9
19.09.2023 00:17:55.559 GMT+0300,1.11249,1.1099700000000001,9,9
19.09.2023 00:18:01.333 GMT+0300,1.11248,1.10996,9,9
19.09.2023 00:18:02.111 GMT+0300,1.11247,1.10993,9,9
19.09.2023 00:18:02.361 GMT+0300,1.1125,1.10996,9,9
19.09.2023 00:18:06.148 GMT+0300,1.11247,1.10993,9,9
19.09.2023 00:18:06.412 GMT+0300,1.1125,1.10996,9,9
19.09.2023 00:18:07.326 GMT+0300,1.11248,1.10996,9,9
19.09.2023 00:18:07.779 GMT+0300,1.11249,1.1099700000000001,9,9
19.09.2023 00:18:08.814 GMT+0300,1.11248,1.1099700000000001,1.2,9
19.09.2023 00:18:08.915 GMT+0300,1.11249,1.10995,9.9,9
19.09.2023 00:18:24.193 GMT+0300,1.11248,1.10995,1.2,9
19.09.2023 00:18:24.244 GMT+0300,1.1124500000000002,1.10993,9,9
19.09.2023 00:18:29.198 GMT+0300,1.11249,1.1099700000000001,9.9,9
19.09.2023 00:18:36.343 GMT+0300,1.11248,1.10996,9,9
19.09.2023 00:18:39.333 GMT+0300,1.11247,1.10996,1.2,9
19.09.2023 00:18:39.384 GMT+0300,1.11246,1.10992,9,9
19.09.2023 00:19:20.043 GMT+0300,1.11248,1.1099700000000001,1.2,9
19.09.2023 00:19:20.155 GMT+0300,1.11248,1.10996,1.2,9
19.09.2023 00:19:20.500 GMT+0300,1.1124500000000002,1.10993,9,9
19.09.2023 00:20:05.676 GMT+0300,1.11248,1.10996,9,9
19.09.2023 00:20:13.008 GMT+0300,1.11249,1.1099700000000001,9,9
19.09.2023 00:20:14.710 GMT+0300,1.11248,1.10996,9,9
19.09.2023 00:20:15.188 GMT+0300,1.1125,1.10998,9,9
19.09.2023 00:20:16.310 GMT+0300,1.11249,1.1099700000000001,9,9
19.09.2023 00:20:17.722 GMT+0300,1.11248,1.10996,9,9
19.09.2023 00:20:18.554 GMT+0300,1.1125,1.10998,9,9
19.09.2023 00:20:20.322 GMT+0300,1.11247,1.10995,9,9
19.09.2023 00:20:32.156 GMT+0300,1.11247,1.10995,9,9
19.09.2023 00:20:41.068 GMT+0300,1.11248,1.10994,9,9
19.09.2023 00:20:42.769 GMT+0300,1.11248,1.10994,9,9
19.09.2023 00:20:48.822 GMT+0300,1.11246,1.10994,9,9
19.09.2023 00:20:48.992 GMT+0300,1.11247,1.10994,9,1.2
19.09.2023 00:20:53.365 GMT+0300,1.11247,1.10995,9,9.9
19.09.2023 00:20:58.435 GMT+0300,1.11246,1.10995,9,1.2
19.09.2023 00:20:58.823 GMT+0300,1.11247,1.10993,9,9
19.09.2023 00:21:00.438 GMT+0300,1.11246,1.10992,9,9
19.09.2023 00:21:05.508 GMT+0300,1.11246,1.10993,9,1.2
19.09.2023 00:21:05.709 GMT+0300,1.1124500000000002,1.10993,9,1.2
19.09.2023 00:21:11.157 GMT+0300,1.11244,1.10993,9,1.2
19.09.2023 00:21:11.762 GMT+0300,1.11243,1.10994,9,1.2
19.09.2023 00:21:33.125 GMT+0300,1.11243,1.1099100000000002,9,9
19.09.2023 00:21:34.870 GMT+0300,1.11244,1.10992,9,9
19.09.2023 00:21:38.558 GMT+0300,1.11244,1.10995,8.22,1.2
19.09.2023 00:22:25.562 GMT+0300,1.11244,1.10995,8.22,1.2
19.09.2023 00:22:38.596 GMT+0300,1.11244,1.10992,9,9
19.09.2023 00:22:57.844 GMT+0300,1.11244,1.10992,8.22,9
19.09.2023 00:23:07.891 GMT+0300,1.1124500000000002,1.10994,8.22,1.2
19.09.2023 00:23:37.831 GMT+0300,1.11248,1.10994,8.22,9
19.09.2023 00:23:37.975 GMT+0300,1.11244,1.10992,8.22,9
19.09.2023 00:23:38.213 GMT+0300,1.11248,1.10996,8.22,9
19.09.2023 00:23:39.441 GMT+0300,1.11247,1.10995,8.22,9
19.09.2023 00:23:42.939 GMT+0300,1.11246,1.10994,8.22,9
19.09.2023 00:23:43.192 GMT+0300,1.11244,1.10992,8.22,9
19.09.2023 00:23:43.364 GMT+0300,1.11244,1.10992,8.22,9
19.09.2023 00:23:43.630 GMT+0300,1.11243,1.1099100000000002,8.22,9
19.09.2023 00:23:45.661 GMT+0300,1.11238,1.10986,8.22,9
19.09.2023 00:24:19.562 GMT+0300,1.11235,1.10986,1.72,9
19.09.2023 00:24:19.663 GMT+0300,1.11237,1.10985,8.22,9.9
19.09.2023 00:24:19.869 GMT+0300,1.11238,1.10984,8.97,9
19.09.2023 00:24:37.786 GMT+0300,1.11239,1.10985,8.22,9
19.09.2023 00:25:14.423 GMT+0300,1.1124,1.10986,8.22,9
19.09.2023 00:25:15.356 GMT+0300,1.11236,1.10984,8.22,9
19.09.2023 00:25:15.457 GMT+0300,1.11236,1.10985,8.22,1.2
19.09.2023 00:25:19.521 GMT+0300,1.11235,1.1099100000000002,8.22,1.2
19.09.2023 00:26:01.379 GMT+0300,1.11234,1.10989,8.97,1.2
19.09.2023 00:26:01.515 GMT+0300,1.11228,1.10989,1.72,1.2
19.09.2023 00:26:01.813 GMT+0300,1.11227,1.1099,1.72,1.72
19.09.2023 00:26:11.475 GMT+0300,1.11205,1.1098700000000001,1.2,8.22
19.09.2023 00:26:12.093 GMT+0300,1.1122400000000001,1.10985,1.2,8.22
19.09.2023 00:26:12.144 GMT+0300,1.1123,1.10986,1.2,8.22
19.09.2023 00:26:12.195 GMT+0300,1.1120700000000001,1.10988,1.2,1.72
19.09.2023 00:26:12.306 GMT+0300,1.11227,1.10989,1.2,1.72
19.09.2023 00:26:12.357 GMT+0300,1.1122400000000001,1.1098700000000001,1.2,8.22
19.09.2023 00:26:12.458 GMT+0300,1.11228,1.1098700000000001,1.2,1.72
19.09.2023 00:26:12.509 GMT+0300,1.1123,1.10986,1.2,8.22
19.09.2023 00:26:12.560 GMT+0300,1.11227,1.10988,1.2,1.72
19.09.2023 00:26:12.662 GMT+0300,1.11204,1.1098700000000001,1.2,1.72
19.09.2023 00:26:12.713 GMT+0300,1.11223,1.1098700000000001,1.2,8.22
19.09.2023 00:26:12.814 GMT+0300,1.11223,1.1098700000000001,1.2,8.22
19.09.2023 00:26:12.865 GMT+0300,1.11228,1.1098700000000001,1.2,1.72
19.09.2023 00:26:12.916 GMT+0300,1.1122400000000001,1.10986,1.2,8.97
19.09.2023 00:26:12.967 GMT+0300,1.11227,1.1098700000000001,1.2,1.72
19.09.2023 00:26:13.018 GMT+0300,1.11203,1.1098700000000001,1.2,1.72
19.09.2023 00:26:13.119 GMT+0300,1.1122400000000001,1.1098700000000001,1.72,8.22
19.09.2023 00:26:13.221 GMT+0300,1.11227,1.1098700000000001,1.72,1.72
19.09.2023 00:26:13.322 GMT+0300,1.11226,1.10988,1.72,1.72
19.09.2023 00:26:13.423 GMT+0300,1.1122400000000001,1.1098700000000001,1.2,8.22
19.09.2023 00:26:13.474 GMT+0300,1.11229,1.1098700000000001,1.2,8.22
19.09.2023 00:26:13.525 GMT+0300,1.11229,1.1098700000000001,1.72,8.22
19.09.2023 00:26:13.626 GMT+0300,1.11209,1.10986,1.2,8.22
19.09.2023 00:26:13.728 GMT+0300,1.11178,1.1098700000000001,0.9,8.22
19.09.2023 00:26:13.829 GMT+0300,1.1122400000000001,1.10986,1.72,8.97
19.09.2023 00:26:13.931 GMT+0300,1.1117700000000001,1.10986,0.9,8.22
19.09.2023 00:26:14.032 GMT+0300,1.11225,1.1098700000000001,1.72,1.72
19.09.2023 00:26:14.133 GMT+0300,1.1117700000000001,1.10986,0.9,8.97
19.09.2023 00:26:14.235 GMT+0300,1.11226,1.10985,1.72,8.22
19.09.2023 00:26:14.336 GMT+0300,1.11179,1.10985,1.2,8.22
19.09.2023 00:26:14.437 GMT+0300,1.11227,1.10986,1.72,1.72
19.09.2023 00:26:14.749 GMT+0300,1.1122400000000001,1.10985,1.72,8.97
19.09.2023 00:26:14.851 GMT+0300,1.1117700000000001,1.10986,0.9,8.22
19.09.2023 00:26:14.952 GMT+0300,1.11225,1.10986,1.72,8.22
19.09.2023 00:26:15.053 GMT+0300,1.1122200000000002,1.10986,1.72,8.22
19.09.2023 00:26:15.155 GMT+0300,1.11227,1.10986,1.72,1.72
19.09.2023 00:26:15.357 GMT+0300,1.11176,1.1098700000000001,0.9,1.72
19.09.2023 00:26:15.459 GMT+0300,1.11178,1.10986,0.9,8.22
19.09.2023 00:26:15.560 GMT+0300,1.1122200000000002,1.10986,1.72,8.22
19.09.2023 00:26:15.763 GMT+0300,1.11226,1.10985,1.72,8.22
19.09.2023 00:26:15.864 GMT+0300,1.11178,1.10988,0.9,1.72
19.09.2023 00:26:15.966 GMT+0300,1.11225,1.1098700000000001,1.2,8.22
19.09.2023 00:26:16.066 GMT+0300,1.1117700000000001,1.1098700000000001,0.9,8.22
19.09.2023 00:26:16.218 GMT+0300,1.1118000000000001,1.10989,0.9,1.72
19.09.2023 00:26:16.319 GMT+0300,1.1122200000000002,1.1098700000000001,1.72,8.22
19.09.2023 00:26:16.421 GMT+0300,1.1122200000000002,1.10988,1.72,1.72
19.09.2023 00:26:16.476 GMT+0300,1.11178,1.10988,1.2,1.72
19.09.2023 00:26:17.813 GMT+0300,1.11223,1.1098700000000001,1.72,1.72
19.09.2023 00:26:17.911 GMT+0300,1.11179,1.1098700000000001,1.2,1.72
19.09.2023 00:26:20.164 GMT+0300,1.1122200000000002,1.10988,1.72,1.72
19.09.2023 00:26:20.265 GMT+0300,1.11178,1.10988,1.2,1.72
19.09.2023 00:26:21.516 GMT+0300,1.11223,1.1098700000000001,1.72,1.72
19.09.2023 00:26:21.617 GMT+0300,1.11223,1.1098700000000001,1.72,1.72
19.09.2023 00:26:22.141 GMT+0300,1.1122200000000002,1.10988,1.72,1.72
19.09.2023 00:26:22.243 GMT+0300,1.11179,1.1098700000000001,1.2,1.72
19.09.2023 00:26:22.852 GMT+0300,1.1122200000000002,1.10988,1.72,1.72
19.09.2023 00:26:22.931 GMT+0300,1.1122200000000002,1.10988,1.72,1.72
19.09.2023 00:26:23.451 GMT+0300,1.11229,1.10989,1.72,1.72
19.09.2023 00:26:23.553 GMT+0300,1.11223,1.1098700000000001,1.72,1.72
19.09.2023 00:26:23.775 GMT+0300,1.11179,1.1098700000000001,0.9,8.22
19.09.2023 00:26:23.876 GMT+0300,1.11223,1.1098700000000001,1.72,1.72
19.09.2023 00:26:23.957 GMT+0300,1.11178,1.10988,1.2,1.72
19.09.2023 00:26:27.265 GMT+0300,1.1122200000000002,1.10988,1.72,1.72
19.09.2023 00:26:27.336 GMT+0300,1.11178,1.10988,1.2,1.72
19.09.2023 00:26:30.326 GMT+0300,1.1122200000000002,1.10988,1.72,1.72
19.09.2023 00:26:30.559 GMT+0300,1.11179,1.1098700000000001,0.9,8.22
19.09.2023 00:26:30.660 GMT+0300,1.1122200000000002,1.10988,1.72,1.72
19.09.2023 00:26:30.762 GMT+0300,1.11178,1.10988,1.2,1.72
19.09.2023 00:26:34.109 GMT+0300,1.1117700000000001,1.10985,0.9,8.22
19.09.2023 00:27:01.442 GMT+0300,1.1123100000000001,1.1099100000000002,1.2,1.72
19.09.2023 00:27:01.549 GMT+0300,1.11227,1.10992,1.2,1.72
19.09.2023 00:27:01.754 GMT+0300,1.11225,1.1099100000000002,1.72,1.72
19.09.2023 00:27:05.055 GMT+0300,1.1117700000000001,1.10986,0.9,8.97
19.09.2023 00:27:05.315 GMT+0300,1.11178,1.10989,0.9,1.72
19.09.2023 00:27:05.417 GMT+0300,1.11225,1.1099,1.72,1.72
19.09.2023 00:27:08.025 GMT+0300,1.11176,1.1098700000000001,0.9,1.72
19.09.2023 00:27:08.127 GMT+0300,1.11227,1.10986,1.72,8.22
19.09.2023 00:27:08.233 GMT+0300,1.1122100000000001,1.10985,1.2,8.22
19.09.2023 00:27:08.289 GMT+0300,1.1122,1.10986,1.72,8.22
19.09.2023 00:27:15.978 GMT+0300,1.1122,1.1099,1.72,1.72
19.09.2023 00:27:35.338 GMT+0300,1.11196,1.1099,1.2,1.72
19.09.2023 00:27:37.790 GMT+0300,1.11214,1.10996,1.72,8.22
19.09.2023 00:27:45.420 GMT+0300,1.1118700000000001,1.10993,1.2,8.22
19.09.2023 00:28:15.936 GMT+0300,1.11186,1.10993,1.2,8.22
19.09.2023 00:28:16.037 GMT+0300,1.11184,1.1100200000000002,1.2,1.72
19.09.2023 00:28:16.138 GMT+0300,1.11206,1.1099700000000001,1.8,1.72
19.09.2023 00:28:16.240 GMT+0300,1.11206,1.10995,1.8,1.72
19.09.2023 00:28:16.432 GMT+0300,1.1120100000000002,1.10993,1.2,1.72
19.09.2023 00:28:16.502 GMT+0300,1.1120200000000002,1.10992,1.2,1.72
19.09.2023 00:28:16.553 GMT+0300,1.11205,1.10998,1.8,1.72
19.09.2023 00:28:16.604 GMT+0300,1.11176,1.10998,1.2,1.72
19.09.2023 00:28:16.706 GMT+0300,1.1117700000000001,1.10999,1.2,1.72
19.09.2023 00:28:17.219 GMT+0300,1.1118000000000001,1.1100100000000002,1.2,1.72
19.09.2023 00:28:17.320 GMT+0300,1.1118000000000001,1.10993,1.2,8.22
19.09.2023 00:28:17.924 GMT+0300,1.11208,1.10993,1.2,8.22
19.09.2023 00:28:18.738 GMT+0300,1.11205,1.10993,1.2,8.22
19.09.2023 00:28:19.450 GMT+0300,1.1120200000000002,1.10993,1.2,8.22
19.09.2023 00:28:20.267 GMT+0300,1.112,1.10992,1.2,8.22
19.09.2023 00:28:20.926 GMT+0300,1.11199,1.1100200000000002,1.2,1.72
19.09.2023 00:28:21.318 GMT+0300,1.11208,1.11008,1.2,1.72
19.09.2023 00:28:22.001 GMT+0300,1.11205,1.11008,1.2,1.72
19.09.2023 00:28:23.119 GMT+0300,1.1120100000000002,1.11008,1.2,1.72
19.09.2023 00:28:23.322 GMT+0300,1.112,1.10995,1.2,8.22
19.09.2023 00:28:24.264 GMT+0300,1.11196,1.11005,1.2,1.72
19.09.2023 00:28:25.056 GMT+0300,1.11194,1.11004,1.2,1.72
19.09.2023 00:28:25.775 GMT+0300,1.1119,1.11005,1.2,1.72
19.09.2023 00:28:26.115 GMT+0300,1.1119100000000002,1.10992,1.2,8.22
19.09.2023 00:28:26.216 GMT+0300,1.11199,1.10992,1.2,8.22
19.09.2023 00:28:26.390 GMT+0300,1.11199,1.11008,1.2,1.72
19.09.2023 00:28:27.005 GMT+0300,1.1119700000000001,1.11008,1.2,1.72
19.09.2023 00:28:27.825 GMT+0300,1.11193,1.11009,1.2,1.72
19.09.2023 00:28:28.580 GMT+0300,1.1119100000000002,1.11008,1.2,1.72
19.09.2023 00:28:29.291 GMT+0300,1.11189,1.11006,1.2,1.72
19.09.2023 00:28:29.364 GMT+0300,1.11189,1.11006,1.2,1.72
19.09.2023 00:28:32.481 GMT+0300,1.11184,1.10993,1.2,8.22
19.09.2023 00:28:32.582 GMT+0300,1.11205,1.10993,1.2,8.22
19.09.2023 00:28:33.389 GMT+0300,1.11184,1.1100100000000002,1.2,1.72
19.09.2023 00:28:33.673 GMT+0300,1.11185,1.11,1.2,1.72
19.09.2023 00:28:36.449 GMT+0300,1.11184,1.10996,1.2,1.72
19.09.2023 00:28:36.751 GMT+0300,1.11184,1.10992,1.2,8.22
19.09.2023 00:28:37.824 GMT+0300,1.11182,1.10992,1.2,8.22
19.09.2023 00:28:40.491 GMT+0300,1.11182,1.10999,1.2,1.72
19.09.2023 00:28:40.545 GMT+0300,1.11184,1.10999,1.2,1.72
19.09.2023 00:28:40.854 GMT+0300,1.11184,1.1100100000000002,1.2,1.72
19.09.2023 00:28:49.478 GMT+0300,1.11185,1.10999,1.2,1.72
19.09.2023 00:28:49.812 GMT+0300,1.11184,1.11,1.2,1.72
19.09.2023 00:28:49.875 GMT+0300,1.11203,1.10999,1.72,1.72
19.09.2023 00:29:12.563 GMT+0300,1.11205,1.11003,1.72,1.72
19.09.2023 00:29:13.162 GMT+0300,1.11205,1.11003,1.72,1.72
19.09.2023 00:29:13.563 GMT+0300,1.11205,1.11003,1.72,1.72
19.09.2023 00:29:17.367 GMT+0300,1.1121,1.11009,1.36,1.72
19.09.2023 00:29:17.469 GMT+0300,1.11218,1.11018,1.2,1.2
19.09.2023 00:29:17.519 GMT+0300,1.11215,1.11015,1.2,1.72
19.09.2023 00:29:17.621 GMT+0300,1.11214,1.11018,1.84,1.72
19.09.2023 00:29:17.672 GMT+0300,1.11213,1.11016,1.2,1.44
19.09.2023 00:29:17.773 GMT+0300,1.11214,1.11017,1.2,1.2
19.09.2023 00:29:17.824 GMT+0300,1.1121200000000002,1.11015,1.2,1.72
19.09.2023 00:29:17.962 GMT+0300,1.11213,1.1101400000000001,1.24,1.72
19.09.2023 00:29:18.378 GMT+0300,1.1121,1.1101200000000002,1.36,1.72
19.09.2023 00:29:18.683 GMT+0300,1.11213,1.11013,1.84,1.72
19.09.2023 00:29:19.416 GMT+0300,1.11213,1.11013,1.84,1.72
19.09.2023 00:29:20.263 GMT+0300,1.1121,1.1101100000000002,1.84,1.72
19.09.2023 00:29:20.364 GMT+0300,1.11225,1.10996,1.84,8.22
19.09.2023 00:29:20.466 GMT+0300,1.11213,1.11015,1.72,1.72
19.09.2023 00:29:20.668 GMT+0300,1.1122100000000001,1.11017,1.72,1.72
19.09.2023 00:29:20.770 GMT+0300,1.11218,1.11017,1.84,1.72
19.09.2023 00:29:20.871 GMT+0300,1.11208,1.1101100000000002,1.72,1.72
19.09.2023 00:29:20.972 GMT+0300,1.11215,1.11015,1.72,1.72
19.09.2023 00:29:21.074 GMT+0300,1.11214,1.11015,1.72,1.72
19.09.2023 00:29:21.175 GMT+0300,1.11218,1.11015,1.84,1.72
19.09.2023 00:29:26.810 GMT+0300,1.1121100000000002,1.11013,1.72,1.72
19.09.2023 00:29:27.191 GMT+0300,1.1121,1.1101100000000002,1.72,1.72
19.09.2023 00:29:33.490 GMT+0300,1.1122,1.1099700000000001,1.84,8.22
19.09.2023 00:29:33.694 GMT+0300,1.1120700000000001,1.1101,1.72,1.72
19.09.2023 00:29:33.967 GMT+0300,1.1121100000000002,1.11015,1.84,1.72
19.09.2023 00:29:34.068 GMT+0300,1.1121200000000002,1.1101200000000002,1.84,1.72
19.09.2023 00:29:34.196 GMT+0300,1.11209,1.1101200000000002,1.84,1.72
19.09.2023 00:29:34.297 GMT+0300,1.11223,1.11015,1.84,1.72
19.09.2023 00:29:34.499 GMT+0300,1.1121,1.11013,1.84,1.72
19.09.2023 00:29:46.482 GMT+0300,1.11225,1.1102,1.84,1.72
19.09.2023 00:29:46.583 GMT+0300,1.11213,1.11016,1.84,1.72
19.09.2023 00:29:46.684 GMT+0300,1.1121200000000002,1.1101400000000001,1.84,1.72
19.09.2023 00:29:54.824 GMT+0300,1.11206,1.11009,1.84,1.72
19.09.2023 00:29:54.907 GMT+0300,1.1120700000000001,1.11008,1.72,1.72
19.09.2023 00:29:55.111 GMT+0300,1.11206,1.11009,1.72,1.72
19.09.2023 00:30:00.127 GMT+0300,1.11203,1.11008,1.47,1.72
19.09.2023 00:30:00.228 GMT+0300,1.1120200000000002,1.1100700000000001,1.47,1.72
19.09.2023 00:30:05.308 GMT+0300,1.11204,1.1100700000000001,1.72,1.72
19.09.2023 00:30:19.612 GMT+0300,1.11159,1.1106,0.72,0.72
19.09.2023 00:30:20.692 GMT+0300,1.11142,1.11059,0.45,0.72
19.09.2023 00:30:20.894 GMT+0300,1.11141,1.11059,0.45,0.72
19.09.2023 00:30:21.046 GMT+0300,1.1120100000000002,1.11058,1.96,0.72
19.09.2023 00:30:21.230 GMT+0300,1.1120100000000002,1.11058,1.96,0.72
19.09.2023 00:30:23.364 GMT+0300,1.11169,1.11081,0.45,0.72
19.09.2023 00:30:23.466 GMT+0300,1.11196,1.1108,0.72,0.72
19.09.2023 00:30:23.560 GMT+0300,1.11198,1.11081,0.72,0.72
19.09.2023 00:30:24.791 GMT+0300,1.11198,1.1108,0.72,0.72
19.09.2023 00:30:30.835 GMT+0300,1.11194,1.1108,0.72,0.72
19.09.2023 00:30:33.442 GMT+0300,1.11193,1.1107799999999999,0.72,0.72
19.09.2023 00:30:34.115 GMT+0300,1.11195,1.11081,0.72,0.72
19.09.2023 00:30:34.422 GMT+0300,1.1119700000000001,1.11081,0.72,0.72
19.09.2023 00:30:40.802 GMT+0300,1.11193,1.1108,0.72,0.72
19.09.2023 00:30:44.364 GMT+0300,1.11198,1.11043,0.72,1.96
19.09.2023 00:30:44.466 GMT+0300,1.112,1.1109,0.72,0.72
19.09.2023 00:30:44.593 GMT+0300,1.1120100000000002,1.1109,0.72,0.72
19.09.2023 00:30:50.949 GMT+0300,1.11196,1.1108600000000002,0.72,0.72
19.09.2023 00:30:54.506 GMT+0300,1.1124,1.1109,1.96,0.72
19.09.2023 00:31:01.020 GMT+0300,1.11194,1.11083,0.72,0.72
19.09.2023 00:31:01.319 GMT+0300,1.11193,1.1108500000000001,0.72,0.72
19.09.2023 00:32:01.468 GMT+0300,1.11248,1.11033,1.2,1.2
19.09.2023 00:32:02.145 GMT+0300,1.11247,1.1108,1.72,0.9
19.09.2023 00:32:02.334 GMT+0300,1.11199,1.11089,0.72,0.72
19.09.2023 00:32:02.429 GMT+0300,1.11195,1.1104200000000002,0.72,1.56
19.09.2023 00:32:02.735 GMT+0300,1.11194,1.11087,0.72,0.72
19.09.2023 00:32:09.289 GMT+0300,1.1119100000000002,1.1108600000000002,0.72,0.72
19.09.2023 00:32:09.495 GMT+0300,1.11196,1.11088,0.72,0.72
19.09.2023 00:32:10.319 GMT+0300,1.11196,1.1109,0.72,0.72
19.09.2023 00:32:10.828 GMT+0300,1.1119700000000001,1.1109200000000001,0.72,0.72
19.09.2023 00:32:11.237 GMT+0300,1.11198,1.1109200000000001,0.72,0.72
19.09.2023 00:32:11.574 GMT+0300,1.11195,1.1109,0.72,0.72
19.09.2023 00:32:14.515 GMT+0300,1.11188,1.11087,0.72,0.72
19.09.2023 00:32:14.926 GMT+0300,1.1119,1.11087,0.72,0.72
19.09.2023 00:32:20.104 GMT+0300,1.11188,1.11088,0.72,0.72
19.09.2023 00:32:20.917 GMT+0300,1.11189,1.11088,0.72,0.72
19.09.2023 00:32:21.229 GMT+0300,1.11189,1.11087,0.72,0.72
19.09.2023 00:32:22.137 GMT+0300,1.1119,1.11087,0.72,0.72
19.09.2023 00:32:22.979 GMT+0300,1.11188,1.11088,0.72,0.72
19.09.2023 00:32:24.596 GMT+0300,1.11188,1.11038,0.72,1.96
19.09.2023 00:32:24.678 GMT+0300,1.11189,1.11039,0.72,1.96
19.09.2023 00:32:25.325 GMT+0300,1.11192,1.1108500000000001,0.72,0.72
19.09.2023 00:32:25.390 GMT+0300,1.11188,1.11038,0.72,1.96
19.09.2023 00:32:29.456 GMT+0300,1.11188,1.11088,0.72,0.72
19.09.2023 00:32:29.761 GMT+0300,1.1118700000000001,1.1109,0.72,0.72
19.09.2023 00:32:32.509 GMT+0300,1.11189,1.11091,0.72,0.72
19.09.2023 00:32:37.216 GMT+0300,1.11186,1.11039,0.72,1.96
19.09.2023 00:32:37.386 GMT+0300,1.11184,1.11039,0.72,1.96
19.09.2023 00:32:48.379 GMT+0300,1.11225,1.1108600000000002,1.96,0.72
19.09.2023 00:32:52.633 GMT+0300,1.11225,1.1109,1.96,0.72
19.09.2023 00:33:01.208 GMT+0300,1.1122400000000001,1.11091,1.96,0.72
19.09.2023 00:33:01.309 GMT+0300,1.1122400000000001,1.1109200000000001,1.96,0.72
19.09.2023 00:33:01.398 GMT+0300,1.1122400000000001,1.11093,1.96,0.72
19.09.2023 00:33:02.834 GMT+0300,1.1117299999999999,1.11038,0.72,1.6
19.09.2023 00:33:08.887 GMT+0300,1.11172,1.11039,0.72,1.6
19.09.2023 00:33:12.368 GMT+0300,1.1117299999999999,1.11038,0.72,1.96
19.09.2023 00:33:14.530 GMT+0300,1.11174,1.11038,0.72,1.96
19.09.2023 00:33:26.794 GMT+0300,1.1117299999999999,1.11039,0.72,1.6
19.09.2023 00:33:32.259 GMT+0300,1.1117299999999999,1.11077,0.72,1.2
19.09.2023 00:33:32.637 GMT+0300,1.11175,1.11039,0.72,1.96
19.09.2023 00:33:32.739 GMT+0300,1.11178,1.11038,0.72,1.96
19.09.2023 00:33:32.855 GMT+0300,1.1117299999999999,1.11038,0.72,1.96
19.09.2023 00:33:35.844 GMT+0300,1.11176,1.11039,0.72,1.96
19.09.2023 00:33:35.945 GMT+0300,1.11172,1.11039,0.72,1.6
19.09.2023 00:33:36.047 GMT+0300,1.11178,1.11039,0.72,1.96
19.09.2023 00:33:36.149 GMT+0300,1.1117299999999999,1.11038,0.72,1.6
19.09.2023 00:33:36.352 GMT+0300,1.11178,1.11038,0.72,1.96
19.09.2023 00:33:36.462 GMT+0300,1.1117299999999999,1.11038,0.72,1.6
19.09.2023 00:33:37.129 GMT+0300,1.11178,1.11039,0.72,1.96
19.09.2023 00:33:37.431 GMT+0300,1.11178,1.1104,0.72,1.21
19.09.2023 00:33:43.472 GMT+0300,1.11176,1.1104,0.72,1.21
19.09.2023 00:33:43.780 GMT+0300,1.11174,1.1104,0.72,1.21
19.09.2023 00:33:46.580 GMT+0300,1.1117100000000002,1.11038,0.72,1.96
19.09.2023 00:33:46.681 GMT+0300,1.1117700000000001,1.11039,0.72,1.96
19.09.2023 00:33:46.754 GMT+0300,1.11178,1.11038,0.72,1.96
19.09.2023 00:33:47.062 GMT+0300,1.11179,1.11038,0.72,1.96
19.09.2023 00:33:47.370 GMT+0300,1.1117700000000001,1.11039,0.72,1.96
19.09.2023 00:33:53.631 GMT+0300,1.1117000000000001,1.11073,0.72,1.2
19.09.2023 00:33:53.733 GMT+0300,1.11223,1.1108600000000002,1.96,0.72
19.09.2023 00:33:53.846 GMT+0300,1.11182,1.1108500000000001,1.2,0.72
19.09.2023 00:33:54.140 GMT+0300,1.11179,1.1104200000000002,1.2,1.21
19.09.2023 00:33:54.295 GMT+0300,1.1118000000000001,1.1104100000000001,1.2,1.21
19.09.2023 00:33:57.007 GMT+0300,1.1118000000000001,1.1104100000000001,1.2,1.21
19.09.2023 00:33:57.621 GMT+0300,1.1118000000000001,1.1104100000000001,1.2,1.21
19.09.2023 00:33:57.730 GMT+0300,1.11178,1.1104200000000002,0.72,1.21
19.09.2023 00:33:57.827 GMT+0300,1.1122400000000001,1.1108600000000002,1.96,0.72
19.09.2023 00:34:02.166 GMT+0300,1.11182,1.11087,1.2,0.72
19.09.2023 00:34:02.289 GMT+0300,1.1118000000000001,1.1104100000000001,1.2,1.56
19.09.2023 00:34:02.391 GMT+0300,1.1118100000000002,1.1108500000000001,1.2,0.72
19.09.2023 00:34:02.754 GMT+0300,1.11176,1.1108600000000002,0.9,0.72
19.09.2023 00:34:02.854 GMT+0300,1.1117700000000001,1.11083,0.9,0.72
19.09.2023 00:34:07.074 GMT+0300,1.11175,1.11039,0.72,1.96
19.09.2023 00:34:07.162 GMT+0300,1.11178,1.11039,0.72,1.96
19.09.2023 00:34:07.367 GMT+0300,1.11174,1.11039,0.72,1.96
19.09.2023 00:34:07.622 GMT+0300,1.11176,1.11084,0.72,0.72
19.09.2023 00:34:07.913 GMT+0300,1.11178,1.11083,0.72,0.72
19.09.2023 00:34:17.258 GMT+0300,1.1117700000000001,1.11046,0.9,1.21
19.09.2023 00:34:17.365 GMT+0300,1.11176,1.11039,0.9,1.96
19.09.2023 00:34:17.445 GMT+0300,1.1117000000000001,1.11039,0.72,1.96
19.09.2023 00:34:17.750 GMT+0300,1.11169,1.11039,0.72,1.96
19.09.2023 00:34:23.038 GMT+0300,1.11174,1.11039,0.72,1.96
19.09.2023 00:34:28.148 GMT+0300,1.1117700000000001,1.11039,0.72,1.96
19.09.2023 00:34:29.383 GMT+0300,1.11223,1.11084,1.96,0.72
19.09.2023 00:34:30.408 GMT+0300,1.1122400000000001,1.1108500000000001,1.96,0.72
19.09.2023 00:34:30.665 GMT+0300,1.1122400000000001,1.11084,1.96,0.72
19.09.2023 00:34:31.895 GMT+0300,1.11223,1.11084,1.96,0.72
19.09.2023 00:34:32.392 GMT+0300,1.1118000000000001,1.11083,1.2,0.72
19.09.2023 00:34:32.719 GMT+0300,1.1118000000000001,1.1108500000000001,1.2,0.72
19.09.2023 00:34:32.821 GMT+0300,1.11179,1.11084,1.2,0.72
19.09.2023 00:34:33.239 GMT+0300,1.11179,1.1108600000000002,1.2,0.72
19.09.2023 00:34:33.510 GMT+0300,1.11179,1.1108500000000001,1.2,0.72
19.09.2023 00:34:33.861 GMT+0300,1.11179,1.1108600000000002,1.2,0.72
19.09.2023 00:34:33.963 GMT+0300,1.1118000000000001,1.1104,1.2,1.56
19.09.2023 00:34:34.065 GMT+0300,1.1118000000000001,1.1108500000000001,1.2,0.72
19.09.2023 00:34:34.329 GMT+0300,1.11182,1.11084,1.2,0.72
19.09.2023 00:34:34.735 GMT+0300,1.1118100000000002,1.1108600000000002,1.2,0.72
19.09.2023 00:34:37.540 GMT+0300,1.1118100000000002,1.11043,1.2,1.21
19.09.2023 00:34:37.604 GMT+0300,1.11182,1.1104200000000002,1.2,1.21
19.09.2023 00:34:37.911 GMT+0300,1.1118100000000002,1.11043,1.2,1.21
19.09.2023 00:34:38.117 GMT+0300,1.11182,1.11084,1.2,0.72
19.09.2023 00:34:38.341 GMT+0300,1.1118000000000001,1.11084,1.2,0.72
19.09.2023 00:34:38.662 GMT+0300,1.11179,1.11039,1.2,1.96
19.09.2023 00:34:38.944 GMT+0300,1.11179,1.11043,1.2,1.56
19.09.2023 00:34:39.045 GMT+0300,1.1118100000000002,1.11087,1.2,0.72
19.09.2023 00:34:40.314 GMT+0300,1.1118000000000001,1.11043,1.2,1.56
19.09.2023 00:34:40.419 GMT+0300,1.1117700000000001,1.11089,1.2,0.72
19.09.2023 00:34:47.617 GMT+0300,1.11178,1.11043,1.2,1.56
19.09.2023 00:34:53.246 GMT+0300,1.1118100000000002,1.1108500000000001,1.2,0.72
19.09.2023 00:34:53.348 GMT+0300,1.1118100000000002,1.11043,1.2,1.56
19.09.2023 00:34:53.625 GMT+0300,1.11182,1.11088,1.2,0.72
19.09.2023 00:34:57.761 GMT+0300,1.1118299999999999,1.11088,1.2,0.72
19.09.2023 00:34:57.876 GMT+0300,1.11176,1.11046,0.9,1.21
19.09.2023 00:34:58.031 GMT+0300,1.11176,1.11087,0.9,0.72
19.09.2023 00:35:07.901 GMT+0300,1.1118299999999999,1.11057,1.2,1.21
19.09.2023 00:35:08.003 GMT+0300,1.1122200000000002,1.1109,1.96,0.72
19.09.2023 00:35:08.105 GMT+0300,1.1122100000000001,1.11039,1.96,1.73
19.09.2023 00:35:08.206 GMT+0300,1.1122100000000001,1.1104200000000002,1.96,1.33
19.09.2023 00:35:08.308 GMT+0300,1.1118299999999999,1.1104200000000002,1.2,1.73
19.09.2023 00:35:08.409 GMT+0300,1.11213,1.1104200000000002,1.21,1.73
19.09.2023 00:35:08.555 GMT+0300,1.11214,1.1104100000000001,1.21,1.85
19.09.2023 00:35:08.903 GMT+0300,1.11213,1.1104200000000002,1.21,1.85
19.09.2023 00:35:09.200 GMT+0300,1.1117700000000001,1.11038,0.72,1.48
19.09.2023 00:35:09.302 GMT+0300,1.1122100000000001,1.11039,1.96,1.48
19.09.2023 00:35:09.455 GMT+0300,1.11219,1.11038,1.21,1.73
19.09.2023 00:35:09.559 GMT+0300,1.11219,1.11038,1.21,1.73
19.09.2023 00:35:09.862 GMT+0300,1.11174,1.11039,0.72,1.73
19.09.2023 00:35:09.918 GMT+0300,1.11174,1.11039,0.72,1.73
19.09.2023 00:35:10.138 GMT+0300,1.11176,1.11038,0.72,1.73
19.09.2023 00:35:10.533 GMT+0300,1.11175,1.11038,0.72,1.73
19.09.2023 00:35:10.738 GMT+0300,1.1117299999999999,1.11051,0.72,1.21
19.09.2023 00:35:10.953 GMT+0300,1.11172,1.1105,0.72,1.21
19.09.2023 00:35:11.054 GMT+0300,1.11174,1.1105,0.72,1.21
19.09.2023 00:35:11.250 GMT+0300,1.11172,1.11051,0.72,1.21
19.09.2023 00:35:11.503 GMT+0300,1.1117299999999999,1.1108,0.72,1.2
19.09.2023 00:35:11.609 GMT+0300,1.1117299999999999,1.11049,0.72,1.21
19.09.2023 00:35:11.914 GMT+0300,1.11172,1.1108,0.72,1.2
19.09.2023 00:35:12.016 GMT+0300,1.11175,1.11053,0.72,1.21
19.09.2023 00:35:12.271 GMT+0300,1.11174,1.11054,0.72,1.21
19.09.2023 00:35:14.850 GMT+0300,1.11214,1.11057,1.21,1.21
19.09.2023 00:35:15.162 GMT+0300,1.1122200000000002,1.11046,1.96,1.21
19.09.2023 00:35:15.246 GMT+0300,1.1118299999999999,1.11046,1.2,1.21
19.09.2023 00:35:18.018 GMT+0300,1.1122100000000001,1.11047,1.96,1.21
19.09.2023 00:35:28.228 GMT+0300,1.1122200000000002,1.11044,1.96,1.21
19.09.2023 00:35:28.327 GMT+0300,1.1122100000000001,1.1104500000000002,1.96,1.21
19.09.2023 00:35:32.114 GMT+0300,1.11216,1.11066,1.21,1.21
19.09.2023 00:35:32.495 GMT+0300,1.11216,1.11066,1.21,1.21
19.09.2023 00:35:32.698 GMT+0300,1.11215,1.11067,1.21,1.21
19.09.2023 00:35:33.308 GMT+0300,1.11223,1.11063,1.21,1.21
19.09.2023 00:35:35.961 GMT+0300,1.11223,1.11063,1.21,1.21
19.09.2023 00:35:36.360 GMT+0300,1.11223,1.11063,1.21,1.21
19.09.2023 00:35:37.597 GMT+0300,1.11218,1.11069,1.21,1.21
19.09.2023 00:35:37.884 GMT+0300,1.11218,1.11069,1.21,1.21
19.09.2023 00:35:45.208 GMT+0300,1.11218,1.11069,1.21,1.21
19.09.2023 00:35:50.816 GMT+0300,1.11225,1.1108,1.96,1.2
19.09.2023 00:35:50.918 GMT+0300,1.11225,1.11083,1.96,0.72
19.09.2023 00:35:55.414 GMT+0300,1.11225,1.1108,1.96,1.2
19.09.2023 00:36:01.414 GMT+0300,1.11225,1.11084,1.96,0.72
19.09.2023 00:36:06.234 GMT+0300,1.1117299999999999,1.11081,0.72,1.2
19.09.2023 00:36:15.941 GMT+0300,1.1122100000000001,1.11061,1.21,1.21
19.09.2023 00:36:34.188 GMT+0300,1.11172,1.1106500000000001,0.72,1.21
19.09.2023 00:36:34.289 GMT+0300,1.1117299999999999,1.1106500000000001,0.72,1.21
19.09.2023 00:36:34.391 GMT+0300,1.11169,1.11081,0.72,1.2
19.09.2023 00:36:34.697 GMT+0300,1.11213,1.11068,1.21,1.21
19.09.2023 00:36:35.012 GMT+0300,1.1117000000000001,1.1106,0.72,1.21
19.09.2023 00:36:35.234 GMT+0300,1.11206,1.11081,1.21,1.2
19.09.2023 00:36:35.538 GMT+0300,1.1120700000000001,1.1108,1.21,1.2
19.09.2023 00:36:50.581 GMT+0300,1.1120700000000001,1.1106200000000002,1.21,1.21
19.09.2023 00:36:50.818 GMT+0300,1.11199,1.11073,1.21,1.21
19.09.2023 00:36:50.919 GMT+0300,1.1116700000000002,1.11066,0.72,1.21
19.09.2023 00:36:51.021 GMT+0300,1.11178,1.11061,0.72,1.21
19.09.2023 00:36:56.429 GMT+0300,1.11219,1.1106,1.96,2.11
19.09.2023 00:36:56.734 GMT+0300,1.1121,1.1107500000000001,1.21,1.21
19.09.2023 00:36:56.836 GMT+0300,1.1121,1.1107500000000001,1.21,1.21
19.09.2023 00:36:57.446 GMT+0300,1.11178,1.1106200000000002,0.72,1.21
19.09.2023 00:37:06.612 GMT+0300,1.11223,1.1106200000000002,1.96,1.21
19.09.2023 00:37:06.892 GMT+0300,1.1117700000000001,1.11063,0.72,1.21
19.09.2023 00:37:07.223 GMT+0300,1.11223,1.1106200000000002,1.96,1.21
19.09.2023 00:37:09.888 GMT+0300,1.11169,1.1106500000000001,0.72,1.21
19.09.2023 00:37:10.195 GMT+0300,1.1121200000000002,1.1106,1.96,1.86
19.09.2023 00:37:10.792 GMT+0300,1.1120700000000001,1.1106500000000001,1.96,1.21
19.09.2023 00:37:11.085 GMT+0300,1.11206,1.11064,1.96,1.21
19.09.2023 00:37:11.288 GMT+0300,1.1120200000000002,1.11066,1.21,1.21
19.09.2023 00:37:11.593 GMT+0300,1.1118700000000001,1.11059,1.21,1.75
19.09.2023 00:37:11.744 GMT+0300,1.11198,1.1106,1.96,1.86
19.09.2023 00:37:11.846 GMT+0300,1.1119700000000001,1.11081,1.96,1.2
19.09.2023 00:37:11.901 GMT+0300,1.1119700000000001,1.1106,1.96,1.86
19.09.2023 00:37:12.311 GMT+0300,1.11198,1.1106500000000001,1.96,1.21
19.09.2023 00:37:12.846 GMT+0300,1.11195,1.11077,1.96,1.2
19.09.2023 00:37:13.335 GMT+0300,1.11195,1.1107600000000002,1.96,1.2
19.09.2023 00:37:13.542 GMT+0300,1.1120100000000002,1.11084,1.21,1.2
19.09.2023 00:37:13.643 GMT+0300,1.1120100000000002,1.11084,1.21,1.2
19.09.2023 00:37:13.795 GMT+0300,1.1120200000000002,1.11067,2.21,1.86
19.09.2023 00:37:13.917 GMT+0300,1.112,1.11068,1.96,1.86
19.09.2023 00:37:14.076 GMT+0300,1.1120100000000002,1.11068,2.21,1.86
19.09.2023 00:37:14.356 GMT+0300,1.11195,1.11068,1.21,1.86
19.09.2023 00:37:16.715 GMT+0300,1.11195,1.11068,1.21,1.86
19.09.2023 00:37:17.150 GMT+0300,1.11195,1.11068,1.21,1.86
19.09.2023 00:37:17.301 GMT+0300,1.11196,1.11067,1.21,1.86
19.09.2023 00:37:26.551 GMT+0300,1.11196,1.11068,1.21,1.86
19.09.2023 00:37:37.181 GMT+0300,1.11195,1.11068,1.21,1.86
19.09.2023 00:37:38.503 GMT+0300,1.11195,1.11068,1.21,1.86
19.09.2023 00:37:43.994 GMT+0300,1.11196,1.11067,1.21,1.86
19.09.2023 00:37:50.704 GMT+0300,1.11192,1.11071,1.96,1.21
19.09.2023 00:37:50.806 GMT+0300,1.11193,1.1107,1.96,1.21
19.09.2023 00:37:51.013 GMT+0300,1.1119,1.11067,1.21,1.86
19.09.2023 00:37:51.114 GMT+0300,1.1119700000000001,1.11068,1.96,1.86
19.09.2023 00:37:51.418 GMT+0300,1.11193,1.11071,2.21,1.2
19.09.2023 00:37:51.550 GMT+0300,1.11182,1.1107200000000002,1.21,1.2
19.09.2023 00:37:51.859 GMT+0300,1.11185,1.1107200000000002,1.21,1.2
19.09.2023 00:37:51.961 GMT+0300,1.11186,1.1107200000000002,1.21,1.2
19.09.2023 00:37:52.076 GMT+0300,1.11185,1.11073,1.21,1.2
19.09.2023 00:37:52.380 GMT+0300,1.1118100000000002,1.1107200000000002,1.21,1.2
19.09.2023 00:37:52.482 GMT+0300,1.11189,1.1107200000000002,1.96,1.2
19.09.2023 00:37:52.584 GMT+0300,1.11192,1.11071,1.96,1.2
19.09.2023 00:37:52.685 GMT+0300,1.11192,1.11071,1.96,1.2
19.09.2023 00:37:52.939 GMT+0300,1.1119100000000002,1.1107200000000002,1.96,1.2
19.09.2023 00:37:57.413 GMT+0300,1.11152,1.11068,0.72,1.86
19.09.2023 00:37:57.736 GMT+0300,1.11152,1.11068,0.72,1.86
19.09.2023 00:37:58.073 GMT+0300,1.1118100000000002,1.11068,1.21,1.75
19.09.2023 00:37:58.255 GMT+0300,1.1118700000000001,1.11068,1.21,1.5
19.09.2023 00:37:58.356 GMT+0300,1.1118700000000001,1.11068,1.21,1.5
19.09.2023 00:37:58.429 GMT+0300,1.11188,1.11071,1.21,1.2
19.09.2023 00:37:58.531 GMT+0300,1.1118700000000001,1.11068,1.21,1.5
19.09.2023 00:37:58.734 GMT+0300,1.1119700000000001,1.11068,1.96,1.86
19.09.2023 00:37:59.157 GMT+0300,1.11184,1.11069,1.21,1.21
19.09.2023 00:37:59.259 GMT+0300,1.11152,1.11071,0.72,1.2
19.09.2023 00:37:59.360 GMT+0300,1.11156,1.11068,0.72,1.86
19.09.2023 00:37:59.773 GMT+0300,1.11196,1.11068,1.96,1.86
19.09.2023 00:37:59.976 GMT+0300,1.1119,1.11068,1.21,2.11
19.09.2023 00:38:00.293 GMT+0300,1.1119,1.11068,1.21,2.11
19.09.2023 00:38:00.463 GMT+0300,1.1119100000000002,1.11067,1.21,1.75
19.09.2023 00:38:00.705 GMT+0300,1.11196,1.11067,1.96,1.86
19.09.2023 00:38:01.003 GMT+0300,1.11196,1.11067,1.21,1.86